Job Title,Job Skills,Company Name,Location,Link,posted
.css-o171kl{-webkit-text-decoration:none;text-decoration:none;color:inherit;}Senior Python Developer,Python,Houya Arrow -,"Heliopolis, Cairo, Egypt ",https://wuzzuf.net/jobs/p/zUUX37RxbzZo-Senior-Python-Developer-Houya-Arrow-Cairo-Egypt?o=1&l=sp&t=sj&a=python|search-v3|hpb,7 days ago
Python Developer For Job portal,  Computer Science,Fekra Technology Solutions and Construction -,"Dokki, Giza, Egypt ",https://wuzzuf.net/jobs/p/KUTCuOGVL8tR-Python-Developer-For-Job-portal-Fekra-Technology-Solutions-and-Construction-Giza-Egypt?o=2&l=sp&t=sj&a=python|search-v3|hpb,10 days ago
Senior Python Linux Engineer,  Development,El-Sewedy Electrometer -,"6th of October, Giza, Egypt ",https://wuzzuf.net/jobs/p/b1U2MrcQRbIO-Senior-Python-Linux-Engineer-El-Sewedy-Electrometer-Giza-Egypt?o=3&l=sp&t=sj&a=python|search-v3|hpb,12 days ago
Python Developer,  Software,GetTechForce.com -,"Cairo, Egypt ",https://wuzzuf.net/jobs/p/jivXxxqgHi77-Python-Developer-GetTechForce-com-Cairo-Egypt?o=4&l=sp&t=sj&a=python|search-v3|hpb,16 days ago
Python Developer,  Software Development,Paymob Solutions -,"Maadi, Cairo, Egypt ",https://wuzzuf.net/jobs/p/98lwNx3qZxxA-Python-Developer-Paymob-Solutions-Cairo-Egypt?o=5&l=sp&t=sj&a=python|search-v3|hpb,22 days ago
Senior Software Engineer (Python),  SDLC,ITWORX -,"Nasr City, Cairo, Egypt ",https://wuzzuf.net/jobs/p/JPMDUOX23tJq-Senior-Software-Engineer-Python-ITWORX-Cairo-Egypt?o=6&l=sp&t=sj&a=python|search-v3|hpb,22 days ago
Python Full Stack Instructor,  Web,AMIT -,"Maadi, Cairo, Egypt ",https://wuzzuf.net/jobs/p/NaAN041JcadK-Python-Full-Stack-Instructor-AMIT-Cairo-Egypt?o=7&l=sp&t=sj&a=python|search-v3|hpb,24 days ago
Junior Python Developer,  Web Applications,RDI -,"Dokki, Giza, Egypt ",https://wuzzuf.net/jobs/p/QNYVMu7OFmo0-Junior-Python-Developer-RDI-Giza-Egypt?o=8&l=sp&t=sj&a=python|search-v3|hpb,26 days ago
Python API Developer Ocucon Team (UK) - (Alexandria),  backend,Procrew -,"Alexandria, Egypt ",https://wuzzuf.net/jobs/p/F8yPmGvgWZ5k-Python-API-Developer-Ocucon-Team-UK---Alexandria-Procrew-Alexandria-Egypt?o=9&l=sp&t=sj&a=python|search-v3|hpb,1 month ago
Senior Python / Django Developer,  Computer Science,RDI -,"Dokki, Giza, Egypt ",https://wuzzuf.net/jobs/p/8GI7basJVztd-Senior-Python-Django-Developer-RDI-Giza-Egypt?o=10&l=sp&t=sj&a=python|search-v3|hpb,1 month ago
Python-Django Developer,  Django,Paymob Solutions -,"Maadi, Cairo, Egypt ",https://wuzzuf.net/jobs/p/kwe5h80g8Wjf-Python-Django-Developer-Paymob-Solutions-Cairo-Egypt?o=11&l=sp&t=sj&a=python|search-v3|hpb,1 month ago
Senior Backend Developer - Node.js & Python,  Flask,DIGIS2 -,"Maadi, Cairo, Egypt ",https://wuzzuf.net/jobs/p/Vo0FB8GwaBp7-Senior-Backend-Developer---Nodejs-Python-DIGIS2-Cairo-Egypt?o=12&l=sp&t=sj&a=python|search-v3|hpb,1 month ago
Senior Python Backend Developer,  Git,CROCOSOFT -,"New Cairo, Cairo, Egypt ",https://wuzzuf.net/jobs/p/xoIvuBsGtAnO-Senior-Python-Backend-Developer-CROCOSOFT-Cairo-Egypt?o=13&l=sp&t=sj&a=python|search-v3|hpb,2 months ago
Full Stack Python Developer,  Information Technology (IT),El Geel El Rakamy -,"Helwan, Cairo, Egypt ",https://wuzzuf.net/jobs/p/WdeSIOMzyMtU-Full-Stack-Python-Developer-El-Geel-El-Rakamy-Cairo-Egypt?o=14&l=sp&t=sj&a=python|search-v3|hpb,2 months ago
Senior Backend (Python) Engineer - Customer Domain,  postgres,Nana -,"Sheraton, Cairo, Egypt ",https://wuzzuf.net/jobs/p/K2YCB4wsIGwr-Senior-Backend-Python-Engineer---Customer-Domain-Nana-Cairo-Egypt?o=15&l=sp&t=sj&a=python|search-v3|hpb,2 months ago
.css-o171kl{-webkit-text-decoration:none;text-decoration:none;color:inherit;}Data Analyst,  Analysis,INSITE OOH -,"Zamalek, Cairo, Egypt ",https://wuzzuf.net/jobs/p/FBpizNd0T9sS-Data-Analyst-INSITE-OOH-Cairo-Egypt?o=16&l=sp&t=sj&a=python|search-v3|hpb,4 days ago
Technology Administrator,  Data Analysis,Cultiv -,"Heliopolis, Cairo, Egypt ",https://wuzzuf.net/jobs/p/RbeuoSBWC5mi-Technology-Administrator-Cultiv-Cairo-Egypt?o=17&l=sp&t=sj&a=python|search-v3|hpb,2 days ago
Junior Artificial Intelligence (AI) Engineer,Python,Limitless Labs -,"Cairo, Egypt ",https://wuzzuf.net/jobs/p/IbmKAU8v81eb-Junior-Artificial-Intelligence-AI-Engineer-Limitless-Labs-Cairo-Egypt?o=18&l=sp&t=sj&a=python|search-v3|hpb,3 days ago
Senior Back End Developer,  Tableau,Charisma Design -,"Cairo, Egypt ",https://wuzzuf.net/jobs/p/LsGvowi1VsTh-Senior-Back-End-Developer-Charisma-Design-Cairo-Egypt?o=19&l=sp&t=sj&a=python|search-v3|hpb,4 days ago
System Administrator - Application Expert,  BI,Squadio -,"Alexandria, Egypt ",https://wuzzuf.net/jobs/p/4SGhPyMcMnLZ-System-Administrator---Application-Expert-Squadio-Alexandria-Egypt?o=20&l=sp&t=sj&a=python|search-v3|hpb,4 days ago
Senior Backend Developer,  Media Monitoring,Jobtology -,"Maadi, Cairo, Egypt ",https://wuzzuf.net/jobs/p/bB7gseWPl7mJ-Senior-Backend-Developer-Jobtology-Cairo-Egypt?o=21&l=sp&t=sj&a=python|search-v3|hpb,4 days ago
Full Stack Developer - PHP & ReactJS Full Time,  Mass Media,Tqniat Lab L.L.C -,"Nasr City, Cairo, Egypt ",https://wuzzuf.net/jobs/p/hBJkcPIpB20Y-Full-Stack-Developer---PHP-ReactJS-Full-Time-Tqniat-Lab-L-L-C-Cairo-Egypt?o=22&l=sp&t=sj&a=python|search-v3|hpb,4 days ago
Senior Backend - Django & DevOps Developer,  Data Analytics,Confidential -,"Maadi, Cairo, Egypt ",https://wuzzuf.net/jobs/p/5d78xlryZHOU-Senior-Backend---Django-DevOps-Developer-Cairo-Egypt?o=23&l=sp&t=sj&a=python|search-v3|hpb,5 days ago
Programming Instructor,  Information Technology (IT),Confidential -,"Tanta, Gharbia, Egypt ",https://wuzzuf.net/jobs/p/W3mxiuqfRWiy-Programming-Instructor-Gharbia-Egypt?o=24&l=sp&t=sj&a=python|search-v3|hpb,7 days ago
Devops Engineer,  Linux,Al Beshara -,"Nasr City, Cairo, Egypt ",https://wuzzuf.net/jobs/p/NPzyGhTFoWEk-Devops-Engineer-Al-Beshara-Cairo-Egypt?o=25&l=sp&t=sj&a=python|search-v3|hpb,13 days ago
Senior Data Engineer,  Operating Systems,Smartlytics Consultancy  -,"New Cairo, Cairo, Egypt ",https://wuzzuf.net/jobs/p/LJWK2nQ0Kep5-Senior-Data-Engineer-Smartlytics-Consultancy-Cairo-Egypt?o=26&l=sp&t=sj&a=python|search-v3|hpb,9 days ago
STEM Teacher (Robotics Teacher),  TCP,TechAdemics -,"New Cairo, Cairo, Egypt ",https://wuzzuf.net/jobs/p/L0PzXzRkaqsw-STEM-Teacher-Robotics-Teacher-TechAdemics-Cairo-Egypt?o=27&l=sp&t=sj&a=python|search-v3|hpb,10 days ago
Programming Instructor,  IP,Tyro -,"Cairo, Egypt ",https://wuzzuf.net/jobs/p/GqLOpZK6lU4T-Programming-Instructor-Tyro-Cairo-Egypt?o=28&l=sp&t=sj&a=python|search-v3|hpb,11 days ago
Backend Developer,  RouterOS,Profolio Consulting -,"Seattle, United States ",https://wuzzuf.net/jobs/p/OKERIXIyBVuk-Backend-Developer-Profolio-Consulting-Seattle-United-States?o=29&l=sp&t=sj&a=python|search-v3|hpb,11 days ago
PHP Lead,  Cisco,LINK Development -,"Maadi, Cairo, Egypt ",https://wuzzuf.net/jobs/p/DFzGiKmBM1NN-PHP-Lead-LINK-Development-Cairo-Egypt?o=30&l=sp&t=sj&a=python|search-v3|hpb,11 days ago
.css-o171kl{-webkit-text-decoration:none;text-decoration:none;color:inherit;}Data Analyst Supervisor,  BI,SURE International Technology -,"Cairo, Egypt ",https://wuzzuf.net/jobs/p/uwn9RWfwBHEl-Data-Analyst-Supervisor-SURE-International-Technology-Cairo-Egypt?o=31&l=sp&t=sj&a=python|search-v3|hpb,2 days ago
Odoo Developer,  Data Analysis,National Technology -,"Nasr City, Cairo, Egypt ",https://wuzzuf.net/jobs/p/gaYkxRo7htpi-Odoo-Developer-National-Technology-Cairo-Egypt?o=32&l=sp&t=sj&a=python|search-v3|hpb,3 days ago
Ruby ON Rails Developer,  Analysis,International Advanced  -,"Nasr City, Cairo, Egypt ",https://wuzzuf.net/jobs/p/YQgVwd52Uxta-Ruby-ON-Rails-Developer-International-Advanced-Cairo-Egypt?o=33&l=sp&t=sj&a=python|search-v3|hpb,5 days ago
Junior Odoo developer,Python,Al-Esraa pharmaceutical optima -,"Cairo, Egypt ",https://wuzzuf.net/jobs/p/i48lYfbirF6E-Junior-Odoo-developer-Al-Esraa-pharmaceutical-optima-Cairo-Egypt?o=34&l=sp&t=sj&a=python|search-v3|hpb,5 days ago
Software Engineer - Alexandria,  Analytics,Softxpert Incorporation  -,"Alexandria, Egypt ",https://wuzzuf.net/jobs/p/dHPWINubpP6N-Software-Engineer---Alexandria-Softxpert-Incorporation-Alexandria-Egypt?o=35&l=sp&t=sj&a=python|search-v3|hpb,5 days ago
Backend Developer,  Commerce,Khales -,"Giza, Egypt ",https://wuzzuf.net/jobs/p/qkNfO2K6OTvh-Backend-Developer-Khales-Giza-Egypt?o=36&l=sp&t=sj&a=python|search-v3|hpb,12 days ago
Senior Software Developer,  Computer Science,GET Group- Egypt -,"Sheraton, Cairo, Egypt ",https://wuzzuf.net/jobs/p/z1bwVmdMFLFd-Senior-Software-Developer-GET-Group--Egypt-Cairo-Egypt?o=37&l=sp&t=sj&a=python|search-v3|hpb,12 days ago
Mid Level Software Developer,  Mathematics,GET Group- Egypt -,"Sheraton, Cairo, Egypt ",https://wuzzuf.net/jobs/p/nyifbb6yvfkJ-Mid-Level-Software-Developer-GET-Group--Egypt-Cairo-Egypt?o=38&l=sp&t=sj&a=python|search-v3|hpb,12 days ago
Python Developer,  Communication skills,OdooTec -,"New Cairo, Cairo, Egypt ",https://wuzzuf.net/jobs/p/ZdWb6pnGtLmB-Python-Developer-OdooTec-Cairo-Egypt?o=39&l=sp&t=sj&a=python|search-v3|hpb,2 months ago
Devops Engineer,  Computer Science,Garment IO -,"Sheikh Zayed, Giza, Egypt ",https://wuzzuf.net/jobs/p/FjeDU7q8D1M8-Devops-Engineer-Garment-IO-Giza-Egypt?o=40&l=sp&t=sj&a=python|search-v3|hpb,22 days ago
Senior Devops Engineer,  Information Technology (IT),Trufla -,"Heliopolis, Cairo, Egypt ",https://wuzzuf.net/jobs/p/Gk3et7nA7Vmr-Senior-Devops-Engineer-Trufla-Cairo-Egypt?o=41&l=sp&t=sj&a=python|search-v3|hpb,23 days ago
DevOps Team Lead,  Odoo,Trufla -,"Heliopolis, Cairo, Egypt ",https://wuzzuf.net/jobs/p/dibePRID48A3-DevOps-Team-Lead-Trufla-Cairo-Egypt?o=42&l=sp&t=sj&a=python|search-v3|hpb,23 days ago
Automation Test Engineer,Python,eT3 - Tomorrow Information Technology -,"New Cairo, Cairo, Egypt ",https://wuzzuf.net/jobs/p/VPSxsP4OH024-Automation-Test-Engineer-eT3---Tomorrow-Information-Technology-Cairo-Egypt?o=43&l=sp&t=sj&a=python|search-v3|hpb,24 days ago
SQL Developer,  Telecom Engineering,eT3 - Tomorrow Information Technology -,"New Cairo, Cairo, Egypt ",https://wuzzuf.net/jobs/p/X1ZIGPZ6FkVx-SQL-Developer-eT3---Tomorrow-Information-Technology-Cairo-Egypt?o=44&l=sp&t=sj&a=python|search-v3|hpb,24 days ago
Back End Engineer (All Levels) - Munich or Remote (f/m/x),  Computer Science,FINN -,"Munich, Germany ",https://wuzzuf.net/jobs/p/RKI3LrikkbFq-Back-End-Engineer-All-Levels---Munich-or-Remote-fmx-FINN-Munich-Germany?o=45&l=sp&t=sj&a=python|search-v3|hpb,21 days ago
.css-o171kl{-webkit-text-decoration:none;text-decoration:none;color:inherit;}Odoo Developer opportunity,Python,Copartners -,"Nasr City, Cairo, Egypt ",https://wuzzuf.net/jobs/p/qpQztpYR1yEg-Odoo-Developer-opportunity-Copartners-Cairo-Egypt?o=46&l=sp&t=sj&a=python|search-v3|hpb,25 days ago
Full Stack Developer,  Odoo,AZ-studios -,"New Cairo, Cairo, Egypt ",https://wuzzuf.net/jobs/p/F36TVZI4EvLn-Full-Stack-Developer-AZ-studios-Cairo-Egypt?o=47&l=sp&t=sj&a=python|search-v3|hpb,25 days ago
Senior Software Testing Engineer,  Software Development,Astute Imaging -,"Nasr City, Cairo, Egypt ",https://wuzzuf.net/jobs/p/8fNk4IkCcb1i-Senior-Software-Testing-Engineer-Astute-Imaging-Cairo-Egypt?o=48&l=sp&t=sj&a=python|search-v3|hpb,25 days ago
Software Test Lead,  Web Development,RDI -,"Dokki, Giza, Egypt ",https://wuzzuf.net/jobs/p/wuG927vmmOqt-Software-Test-Lead-RDI-Giza-Egypt?o=49&l=sp&t=sj&a=python|search-v3|hpb,25 days ago
Full Stack Technical Lead,  javaScript,RDI -,"Dokki, Giza, Egypt ",https://wuzzuf.net/jobs/p/TDPT5GVXzyC5-Full-Stack-Technical-Lead-RDI-Giza-Egypt?o=50&l=sp&t=sj&a=python|search-v3|hpb,25 days ago
Senior Devops Engineer,  JQuery,Confidential -,"Maadi, Cairo, Egypt ",https://wuzzuf.net/jobs/p/bV1M7RYSCx4U-Senior-Devops-Engineer-Cairo-Egypt?o=51&l=sp&t=sj&a=python|search-v3|hpb,26 days ago
Full Stack Web Developer -E Commerce Technical Manager,  CSS,Confidential -,"Nasr City, Cairo, Egypt ",https://wuzzuf.net/jobs/p/lrLJLIVfx2F9-Full-Stack-Web-Developer--E-Commerce-Technical-Manager-Cairo-Egypt?o=52&l=sp&t=sj&a=python|search-v3|hpb,26 days ago
Full-Stack Development Engineer,  Angular,Confidential -,"New Cairo, Cairo, Egypt ",https://wuzzuf.net/jobs/p/eRvfGnt89LI6-Full-Stack-Development-Engineer-Cairo-Egypt?o=53&l=sp&t=sj&a=python|search-v3|hpb,23 days ago
Senior Devops Engineer,  Information Technology (IT),Botit -,"Cairo, Egypt ",https://wuzzuf.net/jobs/p/DrIQZyZUSOcz-Senior-Devops-Engineer-Botit-Cairo-Egypt?o=54&l=sp&t=sj&a=python|search-v3|hpb,27 days ago
Senior Odoo Developer,  OOP,Perfect-Tech -,"Cairo, Egypt ",https://wuzzuf.net/jobs/p/bAqsIkXunHDI-Senior-Odoo-Developer-Perfect-Tech-Cairo-Egypt?o=55&l=sp&t=sj&a=python|search-v3|hpb,26 days ago
DevOps & Cloud Engineer,  Programming,RDI -,"Giza, Giza, Egypt ",https://wuzzuf.net/jobs/p/hmq87Qo46S0q-DevOps-Cloud-Engineer-RDI-Giza-Egypt?o=56&l=sp&t=sj&a=python|search-v3|hpb,25 days ago
Middleware Developer,Python,B.TECH -,"Nasr City, Cairo, Egypt ",https://wuzzuf.net/jobs/p/qZswEMl5FZgT-Middleware-Developer-B-TECH-Cairo-Egypt?o=57&l=sp&t=sj&a=python|search-v3|hpb,26 days ago
Back-End Developer,  Django,Reno Systems -,"Maadi, Cairo, Egypt ",https://wuzzuf.net/jobs/p/Gm6cGGU7CATI-Back-End-Developer-Reno-Systems-Cairo-Egypt?o=58&l=sp&t=sj&a=python|search-v3|hpb,30 days ago
IT Specialist,  Software Development,J&T Express Egypt -,"New Cairo, Cairo, Egypt ",https://wuzzuf.net/jobs/p/LNnKIR5DuneO-IT-Specialist-JT-Express-Egypt-Cairo-Egypt?o=59&l=sp&t=sj&a=python|search-v3|hpb,1 month ago
Odoo Developer,  SQL,Alarabia Group -,"10th of Ramadan City, Cairo, Egypt ",https://wuzzuf.net/jobs/p/Rbh53j40XOEP-Odoo-Developer-Alarabia-Group-Cairo-Egypt?o=60&l=sp&t=sj&a=python|search-v3|hpb,1 month ago
.css-o171kl{-webkit-text-decoration:none;text-decoration:none;color:inherit;}Senior WordPress Developer- Health Care SaaS Platform,  CSPO,Confidential -,"Alexandria, Egypt ",https://wuzzuf.net/jobs/p/nbscKB0kDoTR-Senior-WordPress-Developer--Health-Care-SaaS-Platform-Alexandria-Egypt?o=61&l=sp&t=sj&a=python|search-v3|hpb,28 days ago
Devops Engineer,  Product Management,Confidential -,"Nasr City, Cairo, Egypt ",https://wuzzuf.net/jobs/p/3kXNVPG60nwL-Devops-Engineer-Cairo-Egypt?o=62&l=sp&t=sj&a=python|search-v3|hpb,1 month ago
ICT Teacher (Alexandria),  PHP Development,Egyptian English Language schools -,"Mandara, Alexandria, Egypt ",https://wuzzuf.net/jobs/p/YsEcL2dzwzWs-ICT-Teacher-Alexandria-Egyptian-English-Language-schools-Alexandria-Egypt?o=63&l=sp&t=sj&a=python|search-v3|hpb,30 days ago
Azure Support Engineer,  WordPress,Alnafitha -,"Nasr City, Cairo, Egypt ",https://wuzzuf.net/jobs/p/P064CAHPPewo-Azure-Support-Engineer-Alnafitha-Cairo-Egypt?o=64&l=sp&t=sj&a=python|search-v3|hpb,1 month ago
Back End Developer (Onsite),  JavaScript,JBF Digital Marketing Agency -,"Mohandessin, Giza, Egypt ",https://wuzzuf.net/jobs/p/6dBd1jAb413m-Back-End-Developer-Onsite-JBF-Digital-Marketing-Agency-Giza-Egypt?o=65&l=sp&t=sj&a=python|search-v3|hpb,1 month ago
Power BI Analyst,Python,Dynamicslink -,"Nasr City, Cairo, Egypt ",https://wuzzuf.net/jobs/p/9KaMGqzG1270-Power-BI-Analyst-Dynamicslink-Cairo-Egypt?o=66&l=sp&t=sj&a=python|search-v3|hpb,1 month ago
Sr. Odoo Developer,  Health Care,Al Rabat -,"Nasr City, Cairo, Egypt ",https://wuzzuf.net/jobs/p/qj8u73JHg2BV-Sr-Odoo-Developer-Al-Rabat-Cairo-Egypt?o=67&l=sp&t=sj&a=python|search-v3|hpb,1 month ago
Software Project Manager,  DevOps,JBF Digital Marketing Agency -,"Mohandessin, Giza, Egypt ",https://wuzzuf.net/jobs/p/fX90tr3Mm4Lk-Software-Project-Manager-JBF-Digital-Marketing-Agency-Giza-Egypt?o=68&l=sp&t=sj&a=python|search-v3|hpb,1 month ago
Senior System & Network Admin,  Information Technology (IT),Cashcall -,"Maadi, Cairo, Egypt ",https://wuzzuf.net/jobs/p/6HOdrBNpsHyZ-Senior-System-Network-Admin-Cashcall-Cairo-Egypt?o=69&l=sp&t=sj&a=python|search-v3|hpb,1 month ago
Enterprise Software Developer,  Jenkins,eT3 - Tomorrow Information Technology -,"New Cairo, Cairo, Egypt ",https://wuzzuf.net/jobs/p/FJYBP3NOV6g7-Enterprise-Software-Developer-eT3---Tomorrow-Information-Technology-Cairo-Egypt?o=70&l=sp&t=sj&a=python|search-v3|hpb,1 month ago
Robotics & Steam Instructor (for Kids),  Git,Edu-Zone -,"Cairo, Egypt ",https://wuzzuf.net/jobs/p/jtIkwdia5alO-Robotics-Steam-Instructor-for-Kids-Edu-Zone-Cairo-Egypt?o=71&l=sp&t=sj&a=python|search-v3|hpb,1 month ago
Full Stack Senior Java Developer (Remotely for USA),  MongoDB,Mobile Wave 3 -,"Nasr City, Cairo, Egypt ",https://wuzzuf.net/jobs/p/RvxHh93gyQn7-Full-Stack-Senior-Java-Developer-Remotely-for-USA-Mobile-Wave-3-Cairo-Egypt?o=72&l=sp&t=sj&a=python|search-v3|hpb,1 month ago
Odoo Developer,  JSON,TechCastle -,"Cairo, Egypt ",https://wuzzuf.net/jobs/p/Aea7PFSHgYNl-Odoo-Developer-TechCastle-Cairo-Egypt?o=73&l=sp&t=sj&a=python|search-v3|hpb,1 month ago
Senior Data Engineer | Tableau Is A Must,  Computer Science,Fatura  -,"Maadi, Cairo, Egypt ",https://wuzzuf.net/jobs/p/T3uMzvm3Cjb9-Senior-Data-Engineer-Tableau-Is-A-Must-Fatura-Cairo-Egypt?o=74&l=sp&t=sj&a=python|search-v3|hpb,1 month ago
Application Engineer - Ansys Maxwell,  Software,Fluid Codes -,"Cairo, Egypt ",https://wuzzuf.net/jobs/p/lvXJiOMAI2aE-Application-Engineer---Ansys-Maxwell-Fluid-Codes-Cairo-Egypt?o=75&l=sp&t=sj&a=python|search-v3|hpb,1 month ago
.css-o171kl{-webkit-text-decoration:none;text-decoration:none;color:inherit;}Security Engineer,  Computer Science,Itechs -,"Heliopolis, Cairo, Egypt ",https://wuzzuf.net/jobs/p/VfmTGjRF09GN-Security-Engineer-Itechs-Cairo-Egypt?o=76&l=sp&t=sj&a=python|search-v3|hpb,1 month ago
Machine Translation Engineer,  Communication,Future Group -,"Giza, Egypt ",https://wuzzuf.net/jobs/p/ZfMbp8Qpkepo-Machine-Translation-Engineer-Future-Group-Giza-Egypt?o=77&l=sp&t=sj&a=python|search-v3|hpb,1 month ago
DevOps Engineer,  CEH,Neureveal -,"Maadi, Cairo, Egypt ",https://wuzzuf.net/jobs/p/Oq4yhPMuVdGM-DevOps-Engineer-Neureveal-Cairo-Egypt?o=78&l=sp&t=sj&a=python|search-v3|hpb,1 month ago
Senior Infrastructure Engineer,  CISM,siParadigm Egypt -,"Sheraton, Cairo, Egypt ",https://wuzzuf.net/jobs/p/YFohBwOciYOG-Senior-Infrastructure-Engineer-siParadigm-Egypt-Cairo-Egypt?o=79&l=sp&t=sj&a=python|search-v3|hpb,1 month ago
Odoo Developer,  CISSP,Isky Development -,"6th of October, Giza, Egypt ",https://wuzzuf.net/jobs/p/HSi4bBTaHw5C-Odoo-Developer-Isky-Development-Giza-Egypt?o=80&l=sp&t=sj&a=python|search-v3|hpb,1 month ago
Senior Odoo Developer,  Information Technology (IT),ABS  -,"Maadi, Cairo, Egypt ",https://wuzzuf.net/jobs/p/TV9mOBauGddV-Senior-Odoo-Developer-ABS-Cairo-Egypt?o=81&l=sp&t=sj&a=python|search-v3|hpb,1 month ago
Odoo Developer,  Fortinet,Arrows for information technology  -,"Dokki, Giza, Egypt ",https://wuzzuf.net/jobs/p/nS5EH56zBvf5-Odoo-Developer-Arrows-for-information-technology-Giza-Egypt?o=82&l=sp&t=sj&a=python|search-v3|hpb,1 month ago
Research And Development Engineer,Python,Simplex -,"Cairo, Egypt ",https://wuzzuf.net/jobs/p/Qf7QBoOzf4zI-Research-And-Development-Engineer-Simplex-Cairo-Egypt?o=83&l=sp&t=sj&a=python|search-v3|hpb,1 month ago
"RPA Developer (Automation Anywhere, UiPath, Blue Prism)",  English,Tarqeem Solutions -,"Mohandessin, Giza, Egypt ",https://wuzzuf.net/jobs/p/e3IR8vKsKKIy-RPA-Developer-Automation-Anywhere-UiPath-Blue-Prism-Tarqeem-Solutions-Giza-Egypt?o=84&l=sp&t=sj&a=python|search-v3|hpb,1 month ago
Backend Team Lead (Java),  Localization,Confidential -,"New Cairo, Cairo, Egypt ",https://wuzzuf.net/jobs/p/LrYuwvYg8Vza-Backend-Team-Lead-Java-Cairo-Egypt?o=85&l=sp&t=sj&a=python|search-v3|hpb,1 month ago
Senior Backend Engineer,  Machine Learning,LxT -,"Mohandessin, Giza, Egypt ",https://wuzzuf.net/jobs/p/q5gRd0NwEntJ-Senior-Backend-Engineer-LxT-Giza-Egypt?o=86&l=sp&t=sj&a=python|search-v3|hpb,2 months ago
Senior Devops Engineer,  Machine Translation,SURE International Technology -,"Cairo, Egypt ",https://wuzzuf.net/jobs/p/PdXxOOf4pE5D-Senior-Devops-Engineer-SURE-International-Technology-Cairo-Egypt?o=87&l=sp&t=sj&a=python|search-v3|hpb,2 months ago
Backend Developer,  Natural Language Processing,LxT -,"Mohandessin, Giza, Egypt ",https://wuzzuf.net/jobs/p/NC3rSyO6wtYC-Backend-Developer-LxT-Giza-Egypt?o=88&l=sp&t=sj&a=python|search-v3|hpb,2 months ago
Senior Odoo developer,  Software Development,Bitsera Solutions -,"Cairo, Egypt ",https://wuzzuf.net/jobs/p/qtgKQNs1ZDhR-Senior-Odoo-developer-Bitsera-solutions-Cairo-Egypt?o=89&l=sp&t=sj&a=python|search-v3|hpb,2 months ago
Odoo Developer,Python,Elitbuzz -,"Maadi, Cairo, Egypt ",https://wuzzuf.net/jobs/p/OtqAucOcDRLj-Odoo-Developer-Elitbuzz-Cairo-Egypt?o=90&l=sp&t=sj&a=python|search-v3|hpb,2 months ago
.css-o171kl{-webkit-text-decoration:none;text-decoration:none;color:inherit;}AI / Machine Learning Engineering Lead,  Engineering,Unifonic -,"Cairo, Egypt ",https://wuzzuf.net/jobs/p/ENCERkCJFiDk-AI-Machine-Learning-Engineering-Lead-Unifonic-Cairo-Egypt?o=91&l=sp&t=sj&a=python|search-v3|hpb,2 months ago
Data Management Engineer,  Information Technology (IT),BBI-Consultancy -,"Nasr City, Cairo, Egypt ",https://wuzzuf.net/internship/2HJ8FVGGnUNa-Data-Management-Engineer-BBI-Consultancy-Cairo-Egypt?o=92&l=sp&t=sj&a=python|search-v3|hpb,2 months ago
Senior Data Engineer,  Machine Learning,Cashcall -,"Maadi, Cairo, Egypt ",https://wuzzuf.net/jobs/p/RifksK0V3Z5x-Senior-Data-Engineer-Cashcall-Cairo-Egypt?o=93&l=sp&t=sj&a=python|search-v3|hpb,2 months ago
Senior Software Quality Engineer - Security,  NLP,Unifonic -,"Cairo, Egypt ",https://wuzzuf.net/jobs/p/kxPckki5BtPk-Senior-Software-Quality-Engineer---Security-Unifonic-Cairo-Egypt?o=94&l=sp&t=sj&a=python|search-v3|hpb,2 months ago
Service Delivery Lead (Networking & Security),Python,NOK for Human Capital Solutions -,"Cairo, Egypt ",https://wuzzuf.net/jobs/p/nd3mGBnexe2x-Service-Delivery-Lead-Networking-Security-NOK-for-Human-Capital-Solutions-Cairo-Egypt?o=95&l=sp&t=sj&a=python|search-v3|hpb,2 months ago
Service Delivery Lead (.NET/DevOps),  Software Engineering,NOK for Human Capital Solutions -,"Cairo, Egypt ",https://wuzzuf.net/jobs/p/MayuIrB56Ep8-Service-Delivery-Lead-NETDevOps-NOK-for-Human-Capital-Solutions-Cairo-Egypt?o=96&l=sp&t=sj&a=python|search-v3|hpb,2 months ago
Senior Devops Engineer,  Statistics,Unifonic -,"Cairo, Egypt ",https://wuzzuf.net/jobs/p/s9YyMIoagHoR-Senior-Devops-Engineer-Unifonic-Cairo-Egypt?o=97&l=sp&t=sj&a=python|search-v3|hpb,2 months ago
Back-End Developer (Apache AirFlow) - Remotely,  Kubernetes,Delivery-tech -,"Cairo, Egypt ",https://wuzzuf.net/jobs/p/BHpm4CqBsWjv-Back-End-Developer-Apache-AirFlow---Remotely-Delivery-tech-Cairo-Egypt?o=98&l=sp&t=sj&a=python|search-v3|hpb,2 months ago
Ruby On Rails Software Developer - German Account,  Information Technology (IT),Procrew -,"Alexandria, Egypt ",https://wuzzuf.net/jobs/p/GVLwFKHoMCyr-Ruby-On-Rails-Software-Developer---German-Account-Procrew-Alexandria-Egypt?o=99&l=sp&t=sj&a=python|search-v3|hpb,2 months ago
Data Scientist & BI Developer,  Computer Science,Easy System -,"New Cairo, Cairo, Egypt ",https://wuzzuf.net/jobs/p/VmhCzmW8TxNC-Data-Scientist-BI-Developer-Easy-System-Cairo-Egypt?o=100&l=sp&t=sj&a=python|search-v3|hpb,2 months ago
Power BI Developer,  Data Engineering,Confidential -,"Maadi, Cairo, Egypt ",https://wuzzuf.net/jobs/p/v8fu0jYbKsK3-Power-BI-Developer-Cairo-Egypt?o=101&l=sp&t=sj&a=python|search-v3|hpb,2 months ago
Service Delivery Lead (Database),  Data Management Engineer,NOK for Human Capital Solutions -,"Cairo, Egypt ",https://wuzzuf.net/jobs/p/qDIsjwds5J33-Service-Delivery-Lead-Database-NOK-for-Human-Capital-Solutions-Cairo-Egypt?o=102&l=sp&t=sj&a=python|search-v3|hpb,2 months ago
Application Support Engineer,  Architecture,Testing Geeks -,"Dokki, Giza, Egypt ",https://wuzzuf.net/jobs/p/8p9AxCYDCdsK-Application-Support-Engineer-Testing-Geeks-Giza-Egypt?o=103&l=sp&t=sj&a=python|search-v3|hpb,2 months ago
Java Web Developer,  Communication,SSC Egypt -,"Nasr City, Cairo, Egypt ",https://wuzzuf.net/jobs/p/iHAjKil9STNa-Java-Web-Developer-SSC-Egypt-Cairo-Egypt?o=104&l=sp&t=sj&a=python|search-v3|hpb,2 months ago
Odoo Developer,  Database,Premier Services and Recruitment -,"Nasr City, Cairo, Egypt ",https://wuzzuf.net/jobs/p/GMquusUrCJQz-Odoo-Developer-Premier-Services-and-Recruitment-Cairo-Egypt?o=105&l=sp&t=sj&a=python|search-v3|hpb,2 months ago
.css-o171kl{-webkit-text-decoration:none;text-decoration:none;color:inherit;}Software/Data Engineer,  Computer Engineering,Confidential -,"6th of October, Giza, Egypt ",https://wuzzuf.net/jobs/p/hOdiuF1gnxQP-SoftwareData-Engineer-Giza-Egypt?o=106&l=sp&t=sj&a=python|search-v3|hpb,2 months ago
Senior DevOps Engineer,  Information Technology (IT),WorkMotion -,"Maadi, Cairo, Egypt ",https://wuzzuf.net/jobs/p/ymYtwA8jlh5P-Senior-DevOps-Engineer-WorkMotion-Cairo-Egypt?o=107&l=sp&t=sj&a=python|search-v3|hpb,2 months ago
Data Scientist,  Computer Science,Seoudi Supermarket -,"Sheikh Zayed, Giza, Egypt ",https://wuzzuf.net/jobs/p/Jf5vcATBdpub-Data-Scientist-Seoudi-Supermarket-Giza-Egypt?o=108&l=sp&t=sj&a=python|search-v3|hpb,2 months ago
Senior Full Stack Developer,  Engineering,Dafater -,"Heliopolis, Cairo, Egypt ",https://wuzzuf.net/jobs/p/95YJ2GqOwWa6-Senior-Full-Stack-Developer-Dafater-Cairo-Egypt?o=109&l=sp&t=sj&a=python|search-v3|hpb,2 months ago
SOC L2 Engineer,  English,ZINAD IT -,"New Cairo, Cairo, Egypt ",https://wuzzuf.net/jobs/p/q40fMoCfiUgy-SOC-L2-Engineer-ZINAD-IT-Cairo-Egypt?o=110&l=sp&t=sj&a=python|search-v3|hpb,2 months ago
Senior Front End Developer,  Java,Dafater -,"Nasr City, Cairo, Egypt ",https://wuzzuf.net/jobs/p/Zd6BqpLQxMFM-Senior-Front-End-Developer-Dafater-Cairo-Egypt?o=111&l=sp&t=sj&a=python|search-v3|hpb,2 months ago
Sr. DevOps Engineer,  MongoDB,SURE International Technology -,"Cairo, Egypt ",https://wuzzuf.net/jobs/p/djgE4SboOFzg-Sr-DevOps-Engineer-SURE-International-Technology-Cairo-Egypt?o=112&l=sp&t=sj&a=python|search-v3|hpb,2 months ago
Software Engineer / Senior Software Engineer,  Programming,Emirates -,"Dubai, United Arab Emirates ",https://wuzzuf.net/jobs/p/gNmq6yykvsvq-Software-Engineer-Senior-Software-Engineer-Emirates-Dubai-United-Arab-Emirates?o=113&l=sp&t=sj&a=python|search-v3|hpb,2 months ago
Odoo Developer,  AWS,Marbella For Food Industry  -,"6th of October, Giza, Egypt ",https://wuzzuf.net/jobs/p/CtH7tInNesjt-Odoo-Developer-Marbella-For-Food-Industry-Giza-Egypt?o=114&l=sp&t=sj&a=python|search-v3|hpb,2 months ago
Senior Devops Engineer,  Docker,Caelum Egypt -,"Dokki, Giza, Egypt ",https://wuzzuf.net/jobs/p/I1bXqHQI0Llg-Senior-Devops-Engineer-Caelum-Egypt-Giza-Egypt?o=115&l=sp&t=sj&a=python|search-v3|hpb,2 months ago
Senior Devops Engineer,  Engineering,Confidential -,"New Cairo, Cairo, Egypt ",https://wuzzuf.net/jobs/p/4gBVZ0HBs8jj-Senior-Devops-Engineer-Cairo-Egypt?o=116&l=sp&t=sj&a=python|search-v3|hpb,2 months ago
Ruby on Rails Developer,  Information Technology (IT),Remote Platz -,"Cairo, Egypt ",https://wuzzuf.net/jobs/p/9uBV54MK1HjH-Ruby-on-Rails-Developer-Remote-Platz-Cairo-Egypt?o=117&l=sp&t=sj&a=python|search-v3|hpb,2 months ago
Systems Analyst (Application Support),  Jenkins,TruKKer Misr -,"Maadi, Cairo, Egypt ",https://wuzzuf.net/jobs/p/1mKqcQtOoCeI-Systems-Analyst-Application-Support-TruKKer-Misr-Cairo-Egypt?o=118&l=sp&t=sj&a=python|search-v3|hpb,2 months ago
Senior Computer Vision Engineer,  Kubernetes,Atomica -,"Cairo, Egypt ",https://wuzzuf.net/jobs/p/k9aorzMuNSrg-Senior-Computer-Vision-Engineer-Atomica-Cairo-Egypt?o=119&l=sp&t=sj&a=python|search-v3|hpb,2 months ago
Freelance Data Science Instructor,Python,Faze 3 Consulting -,"Riyadh, Saudi Arabia ",https://wuzzuf.net/jobs/p/ZhaAwNcYK7Ae-Freelance-Data-Science-Instructor-Faze-3-Consulting-Riyadh-Saudi-Arabia?o=120&l=sp&t=sj&a=python|search-v3|hpb,2 months ago
.css-o171kl{-webkit-text-decoration:none;text-decoration:none;color:inherit;}Data Science Instructor,  Data Science,EpsilonAI -,"Nasr City, Cairo, Egypt ",https://wuzzuf.net/jobs/p/MEwqg4ISHBJE-Data-Science-Instructor-EpsilonAI-Cairo-Egypt?o=121&l=sp&t=sj&a=python|search-v3|hpb,1 day ago
Online Programming Instructor,  Computer Science,Yat Learning Centers -,"Maadi, Cairo, Egypt ",https://wuzzuf.net/jobs/p/uzTKJzKuPbzf-Online-Programming-Instructor-Yat-Learning-Centers-Cairo-Egypt?o=122&l=sp&t=sj&a=python|search-v3|hpb,4 days ago
Senior Data Integration Consultant,  Computer Engineering,National System LLC -,"Cairo, Egypt ",https://wuzzuf.net/jobs/p/oTR80xqOkrMP-Senior-Data-Integration-Consultant-National-System-LLC-Cairo-Egypt?o=123&l=sp&t=sj&a=python|search-v3|hpb,6 days ago
Odoo Developer,Python,Abdeen pharmacies -,"Haram, Giza, Egypt ",https://wuzzuf.net/jobs/p/h4kvz2VJOoZs-Odoo-Developer-Abdeen-pharmacies-Giza-Egypt?o=124&l=sp&t=sj&a=python|search-v3|hpb,2 months ago
DevOps: Site Reliability Engineer/ Support Engineer.,  Machine Learning,Cegedim -,"New Cairo, Cairo, Egypt ",https://wuzzuf.net/jobs/p/lYajUGW2y7Rf-DevOps-Site-Reliability-Engineer-Support-Engineer-Cegedim-Cairo-Egypt?o=125&l=sp&t=sj&a=python|search-v3|hpb,2 months ago
DevOps Engineer,  Deep Learning,Luftborn -,"Heliopolis, Cairo, Egypt ",https://wuzzuf.net/jobs/p/Js3tFswHkYaf-DevOps-Engineer-Luftborn-Cairo-Egypt?o=126&l=sp&t=sj&a=python|search-v3|hpb,2 months ago
Senior Devops Engineer,  Artificial Intelligence (AI),Confidential -,"Maadi, Cairo, Egypt ",https://wuzzuf.net/jobs/p/I5JsTIacEnwN-Senior-Devops-Engineer-Cairo-Egypt?o=127&l=sp&t=sj&a=python|search-v3|hpb,2 months ago
Data Analyst,  Java,CRIF EGYPT -,"Heliopolis, Cairo, Egypt ",https://wuzzuf.net/jobs/p/N0ts6jJLOucl-Data-Analyst-CRIF-EGYPT-Cairo-Egypt?o=128&l=sp&t=sj&a=python|search-v3|hpb,2 months ago
Data Analyst,  Teaching,Souhoola -,"Katameya, Cairo, Egypt ",https://wuzzuf.net/jobs/p/lzISfUBxoUFe-Data-Analyst-Souhoola-Cairo-Egypt?o=129&l=sp&t=sj&a=python|search-v3|hpb,2 months ago
Software Research & Development Specialist (U.A.E),  Programming,Softec Technologies -,"Abu Dhabi, United Arab Emirates ",https://wuzzuf.net/jobs/p/wih5hJTnwd3d-Software-Research-Development-Specialist-UAE-Softec-Technologies-Abu-Dhabi-United-Arab-Emirates?o=130&l=sp&t=sj&a=python|search-v3|hpb,2 months ago
Data Analyst,"python,",Nahr Development -,"Bolkly, Alexandria, Egypt ",https://wuzzuf.net/jobs/p/HzSNvy6aNrjG-Data-Analyst-Nahr-Development-Alexandria-Egypt?o=131&l=sp&t=sj&a=python|search-v3|hpb,2 months ago
PHP Backend Developer,  HTML,Pyramids Freight Services -,"Sheraton, Cairo, Egypt ",https://wuzzuf.net/jobs/p/ACNwCM1vyLWL-PHP-Backend-Developer-Pyramids-Freight-Services-Cairo-Egypt?o=132&l=sp&t=sj&a=python|search-v3|hpb,2 months ago
Senior Solution Architect - Cairo,  instructor,Giza Systems -,"Cairo, Egypt ",https://wuzzuf.net/jobs/p/UHYvAj1At0wm-Senior-Solution-Architect---Cairo-Giza-Systems-Cairo-Egypt?o=133&l=sp&t=sj&a=python|search-v3|hpb,2 months ago
Embedded V&V SW Engineer,  Computer Science,Collars HR -,"New Cairo, Cairo, Egypt ",https://wuzzuf.net/jobs/p/9THSmbmn8MUn-Embedded-VV-SW-Engineer-Collars-HR-Cairo-Egypt?o=134&l=sp&t=sj&a=python|search-v3|hpb,13 days ago
Backend Developer,  Data Warehouse,Paymint -,"Cairo, Egypt ",https://wuzzuf.net/jobs/p/xLLtdbe2UmDp-Backend-Developer-Paymint-Cairo-Egypt?o=135&l=sp&t=sj&a=python|search-v3|hpb,9 days ago
.css-o171kl{-webkit-text-decoration:none;text-decoration:none;color:inherit;}Open Source Database Team Lead - Giza,  Linux,e-finance -,"6th of October, Giza, Egypt ",https://wuzzuf.net/jobs/p/9A4rYaGcKNb8-Open-Source-Database-Team-Lead---Giza-e-finance-Giza-Egypt?o=136&l=sp&t=sj&a=python|search-v3|hpb,9 days ago
Sr Business Intelligence Developer,  SQL,Centro CDX -,"Cairo, Egypt ",https://wuzzuf.net/jobs/p/xkl5UuRRU8eq-Sr-Business-Intelligence-Developer-Centro-CDX-Cairo-Egypt?o=137&l=sp&t=sj&a=python|search-v3|hpb,12 days ago
Machine Learning Engineer,  Unix/Linux,Bypa-ss -,"Maadi, Cairo, Egypt ",https://wuzzuf.net/jobs/p/WseKsiXECIUr-Machine-Learning-Engineer-Bypa-ss-Cairo-Egypt?o=138&l=sp&t=sj&a=python|search-v3|hpb,13 days ago
Senior Odoo Developer,  Unix,aliaict -,"Nasr City, Cairo, Egypt ",https://wuzzuf.net/jobs/p/ufdXbapT2l9B-Senior-Odoo-Developer-aliaict-Cairo-Egypt?o=139&l=sp&t=sj&a=python|search-v3|hpb,1 month ago
Web Developer,  MySQL,EGID company -,"New Cairo, Cairo, Egypt ",https://wuzzuf.net/jobs/p/Q42jvy6EEA7p-Web-Developer-EGID-company-Cairo-Egypt?o=140&l=sp&t=sj&a=python|search-v3|hpb,22 days ago
DevOps Operations Specialist,  NoSQL,B.TECH -,"Nasr City, Cairo, Egypt ",https://wuzzuf.net/jobs/p/nKOC8EdWS4CN-DevOps-Operations-Specialist-B-TECH-Cairo-Egypt?o=141&l=sp&t=sj&a=python|search-v3|hpb,26 days ago
Senior ICT Systems Supervisor-Cybersecurity Officer,  Computer Engineering,Confidential -,"Red Sea, Egypt ",https://wuzzuf.net/jobs/p/qTc9oBBzVMfy-Senior-ICT-Systems-Supervisor-Cybersecurity-Officer-Red-Sea-Egypt?o=142&l=sp&t=sj&a=python|search-v3|hpb,27 days ago
Devops Engineer,  Computer Science,Blackstone Eit -,"Kuwait City, Kuwait ",https://wuzzuf.net/jobs/p/QzFPEUzZwOzS-Devops-Engineer-Blackstone-Eit-Kuwait-City-Kuwait?o=143&l=sp&t=sj&a=python|search-v3|hpb,9 days ago
Senior DevOps & Cloud Native Engineer,  Analysis,BBI-Consultancy -,"Nasr City, Cairo, Egypt ",https://wuzzuf.net/jobs/p/RFdb0XQpeZTx-Senior-DevOps-Cloud-Native-Engineer-BBI-Consultancy-Cairo-Egypt?o=144&l=sp&t=sj&a=python|search-v3|hpb,11 days ago
Research Software Development Engineer,  Business Intelligence,TensorGraph -,"Maadi, Cairo, Egypt ",https://wuzzuf.net/jobs/p/bcodR5Fpewkv-Research-Software-Development-Engineer-TensorGraph-Cairo-Egypt?o=145&l=sp&t=sj&a=python|search-v3|hpb,30 days ago
Senior Application Support Engineer,  BI,e Aswaaq Misr -,"Smart Village, Giza, Egypt ",https://wuzzuf.net/jobs/p/s9SAxU1mYlzP-Senior-Application-Support-Engineer-e-Aswaaq-Misr-Giza-Egypt?o=146&l=sp&t=sj&a=python|search-v3|hpb,1 month ago
Part time / Summer Academy instructor,  Information Technology (IT),GoMyCode -,"Downtown, Cairo, Egypt ",https://wuzzuf.net/jobs/p/9jf4PXWBs6TI-Part-time-Summer-Academy-instructor-GoMyCode-Cairo-Egypt?o=147&l=sp&t=sj&a=python|search-v3|hpb,14 days ago
Senior Odoo Developer,  Power BI,Blue Ribbon -,"New Cairo, Cairo, Egypt ",https://wuzzuf.net/jobs/p/VJTX1gXK5ElF-Senior-Odoo-Developer-Blue-Ribbon-Cairo-Egypt?o=148&l=sp&t=sj&a=python|search-v3|hpb,1 month ago
IT Application Development and Support Engineer,  SSAS,American International School -,"Sheikh Zayed, Giza, Egypt ",https://wuzzuf.net/jobs/p/7Fk4nGH6Zygq-IT-Application-Development-and-Support-Engineer-American-International-School-Giza-Egypt?o=149&l=sp&t=sj&a=python|search-v3|hpb,24 days ago
Backend Developer,  SQL,VISTA -,"Djibouti, Djibouti ",https://wuzzuf.net/jobs/p/mquaLgPN2O0x-Backend-Developer-VISTA-Djibouti-Djibouti?o=150&l=sp&t=sj&a=python|search-v3|hpb,1 month ago
.css-o171kl{-webkit-text-decoration:none;text-decoration:none;color:inherit;}Programming / Computer Science Instructor for Students,  Software Development,Edu-Zone -,"Cairo, Egypt ",https://wuzzuf.net/jobs/p/P4rvrd30lFIw-Programming-Computer-Science-Instructor-for-Students-Edu-Zone-Cairo-Egypt?o=151&l=sp&t=sj&a=python|search-v3|hpb,1 month ago
Full Stack Developer,  Software Engineering,Confidential -,"Cairo, Egypt ",https://wuzzuf.net/jobs/p/MnvvdOeJ9elE-Full-Stack-Developer-Cairo-Egypt?o=152&l=sp&t=sj&a=python|search-v3|hpb,1 month ago
Odoo Developer,  Java Software Development,Superior Business Solutions -,"Nasr City, Cairo, Egypt ",https://wuzzuf.net/jobs/p/mPxWYEAlGNcD-Odoo-Developer-Superior-Business-Solutions-Cairo-Egypt?o=153&l=sp&t=sj&a=python|search-v3|hpb,1 month ago
Senior Full Stack Developer,  Android Software,Fotopia -,"Heliopolis, Cairo, Egypt ",https://wuzzuf.net/jobs/p/AXlMNly5Pih6-Senior-Full-Stack-Developer-Fotopia-Cairo-Egypt?o=154&l=sp&t=sj&a=python|search-v3|hpb,1 month ago
Senior Odoo Developer - Giza,  Computer Science,Isky Development -,"6th of October, Giza, Egypt ",https://wuzzuf.net/jobs/p/SK5qdXwHn330-Senior-Odoo-Developer---Giza-Isky-Development-Giza-Egypt?o=155&l=sp&t=sj&a=python|search-v3|hpb,1 month ago
Business Analyst,  Computer Engineering,Mobica -,"Mohandessin, Giza, Egypt ",https://wuzzuf.net/jobs/p/V3yI0lCTBOBV-Business-Analyst-Mobica-Giza-Egypt?o=156&l=sp&t=sj&a=python|search-v3|hpb,1 month ago
SaaS Product Enablement Manager,  Computer Systems,Dafater -,"Nasr City, Cairo, Egypt ",https://wuzzuf.net/jobs/p/5MtZ9lm6GBMX-SaaS-Product-Enablement-Manager-Dafater-Cairo-Egypt?o=157&l=sp&t=sj&a=python|search-v3|hpb,2 months ago
Software Quality Control Engineer,  Engineering,Kashier Payment Solutions -,"Zamalek, Cairo, Egypt ",https://wuzzuf.net/jobs/p/arwWFqe5RzX1-Software-Quality-Control-Engineer-Kashier-Payment-Solutions-Cairo-Egypt?o=158&l=sp&t=sj&a=python|search-v3|hpb,2 months ago
senior software tester,  Information Technology (IT),Quantum Promoting Network -,"6th of October, Giza, Egypt ",https://wuzzuf.net/jobs/p/Cfre17Es1iPG-senior-software-tester-Quantum-Promoting-Network-Giza-Egypt?o=159&l=sp&t=sj&a=python|search-v3|hpb,2 months ago
Quality Tester - Software,  Java,Arab Apps -,"Tanta, Gharbia, Egypt ",https://wuzzuf.net/jobs/p/7U7OlAYRgNUs-Quality-Tester---Software-Arab-Apps-Gharbia-Egypt?o=160&l=sp&t=sj&a=python|search-v3|hpb,1 month ago
IT Technical Support (Work Will Be Allocated In Africa),  Software,Confidential -,"Cairo, Egypt ",https://wuzzuf.net/jobs/p/gHWFqJF51kCA-IT-Technical-Support-Work-Will-Be-Allocated-In-Africa-Cairo-Egypt?o=161&l=sp&t=sj&a=python|search-v3|hpb,2 months ago
Technical Support Specialist - Cloud,  CSS,Alnafitha -,"Nasr City, Cairo, Egypt ",https://wuzzuf.net/jobs/p/zqJDdS16hhs2-Technical-Support-Specialist---Cloud-Alnafitha-Cairo-Egypt?o=162&l=sp&t=sj&a=python|search-v3|hpb,2 months ago
DevOps/ProdOPS Engineer.,  JavaScript,Cegedim -,"New Cairo, Cairo, Egypt ",https://wuzzuf.net/jobs/p/axroUEl4wmVc-DevOpsProdOPS-Engineer-Cegedim-Cairo-Egypt?o=163&l=sp&t=sj&a=python|search-v3|hpb,2 months ago
Big data Expert,  MongoDB,Perfect Presentation -,"6th of October, Giza, Egypt ",https://wuzzuf.net/jobs/p/7wP3PuIsn0L3-Big-data-Expert-Perfect-Presentation-Giza-Egypt?o=164&l=sp&t=sj&a=python|search-v3|hpb,2 months ago
Embedded Software Low Level Engineer,  PHP,Collars HR -,"New Cairo, Cairo, Egypt ",https://wuzzuf.net/jobs/p/bD4c4PJ5uYgr-Embedded-Software-Low-Level-Engineer-Collars-HR-Cairo-Egypt?o=165&l=sp&t=sj&a=python|search-v3|hpb,2 months ago
.css-o171kl{-webkit-text-decoration:none;text-decoration:none;color:inherit;}Senior Front End Developer,  Information Technology (IT),YOCO -,"Cairo, Egypt ",https://wuzzuf.net/jobs/p/Ae5zU7qp6iuf-Senior-Front-End-Developer-YOCO-Cairo-Egypt?o=166&l=sp&t=sj&a=python|search-v3|hpb,2 months ago
Data Management & Bigdata Team Lead,  Computer Science,KnowledgeNet -,"Nasr City, Cairo, Egypt ",https://wuzzuf.net/jobs/p/kkSMMm8Aa0cu-Data-Management-Bigdata-Team-Lead-KnowledgeNet-Cairo-Egypt?o=167&l=sp&t=sj&a=python|search-v3|hpb,2 months ago
Project Leader (Global Analytics),  Android,CRIF EGYPT -,"Heliopolis, Cairo, Egypt ",https://wuzzuf.net/jobs/p/KTk2R1zjp1xU-Project-Leader-Global-Analytics-CRIF-EGYPT-Cairo-Egypt?o=168&l=sp&t=sj&a=python|search-v3|hpb,2 months ago
Senior Front End Engineer,  Java,YOCO -,"Cairo, Egypt ",https://wuzzuf.net/jobs/p/JnCng5DVBT8x-Senior-Front-End-Engineer-YOCO-Cairo-Egypt?o=169&l=sp&t=sj&a=python|search-v3|hpb,2 months ago
Devops Engineer,  Js,Fawry Banking & Payment Technology Services -,"Giza, Egypt ",https://wuzzuf.net/jobs/p/QB7OwGRdN5F5-Devops-Engineer-Fawry-Banking-Payment-Technology-Services-Giza-Egypt?o=170&l=sp&t=sj&a=python|search-v3|hpb,2 months ago
Senior Software Developer,  JavaScript,Globaction -,"6th of October, Giza, Egypt ",https://wuzzuf.net/jobs/p/V9rh3VHfoiGH-Senior-Software-Developer-Globaction-Giza-Egypt?o=171&l=sp&t=sj&a=python|search-v3|hpb,2 months ago
